id,level,question_answer_id,bot_id,question,original_question
1,1,2671,8,Ptnaとはなんですか？,Ptnaとはなんですか？
2,1,4061,2,はい,はい
3,2,4063,2,いいえ,いいえ
4,1,4037,2,カードキー紛失したよ,カードキー紛失したよ
5,2,2705,8,申し込んだ先生より近くの先生がいたらそちらを紹介してくれますか？,申し込んだ先生より近くの先生がいたらそちらを紹介してくれますか？
6,1,2684,8,こんにちは,こんにちは
7,1,4318,1,esaの議事録追加したい,esaの議事録追加したい
8,1,2684,8,こんにちは,こんにちは
9,1,2684,8,こんにちは,こんにちは
10,1,4293,1,ラーメン好き？,ラーメン好き？
11,2,2686,8,スッテっプとは,スッテっプとは
12,1,4209,1,こんにちは,こんにちは
13,1,4044,2,全く検討もつかない,全く検討もつかない
14,2,2694,8,男の先生,男の先生
15,2,4310,8,生徒の声ありとかかれているのに、見れない。ややこしい。,生徒の声ありとかかれているのに、見れない。ややこしい。
16,1,2706,8,体験はできますか？,体験はできますか？
17,2,2699,8,見学はできますか？,見学はできますか？
18,2,4310,8,問い合わせはホームページからのみですか？,問い合わせはホームページからのみですか？
19,1,2709,8,直接、先生と連絡を取ることはできませんか？,直接、先生と連絡を取ることはできませんか？
20,2,2697,8,先生は全員音大卒ですか？,先生は全員音大卒ですか？
21,1,2678,8,先生はどこの学校を卒業していますか？,先生はどこの学校を卒業していますか？
22,2,2683,8,面談後の返事はいつまでにすれば良いですか？,面談後の返事はいつまでにすれば良いですか？
23,2,2683,8,キャンセルなどの返事は面談後何日以内にすればよろしいでしょうか,キャンセルなどの返事は面談後何日以内にすればよろしいでしょうか
24,2,2675,8,駐車場,駐車場
25,1,2745,8,大人も習えますか,大人も習えますか
26,1,2678,8,先生の出身校はわかりますか,先生の出身校はわかりますか
27,1,4049,2,全角になっていた,全角になっていた
28,1,4044,2,全く検討もつかない,全く検討もつかない
29,2,2675,8,どうやったら教室を紹介してもらえますか？,どうやったら教室を紹介してもらえますか？
30,1,4051,2,点灯している,点灯している
31,1,2745,8,大人のピアノ,大人のピアノ
32,2,4259,1,ラーメンすき？,ラーメンすき？
33,1,4044,2,全く検討もつかない,全く検討もつかない
34,1,4044,2,全く検討もつかない,全く検討もつかない
35,1,4044,2,全く検討もつかない,全く検討もつかない
36,1,4044,2,全く検討もつかない,全く検討もつかない
37,1,2706,8,自閉症の5歳児の男の子。福井県坂井市丸岡に住んでいます。私の孫です。体験をしたいです。,自閉症の5歳児の男の子。福井県坂井市丸岡に住んでいます。私の孫です。体験をしたいです。
38,1,2677,8,教室を紹介してもらう方法,教室を紹介してもらう方法
39,2,4313,8,新宿区中落合2丁目に一番近いピアノ教室を教えてください,新宿区中落合2丁目に一番近いピアノ教室を教えてください
40,1,4209,1,やっほー,やっほー
41,1,7074,1,うざい,うざい
42,1,7079,2,こんにちは！,こんにちは！
43,1,4054,2,パソコンのスイッチを入れても黒い画面のまま,パソコンのスイッチを入れても黒い画面のまま
44,2,4055,2,画面は表示されているが、ログインが出来ない,画面は表示されているが、ログインが出来ない
45,1,7079,2,こんにちは！,こんにちは！
46,1,7086,2,はい,はい
47,1,7082,9,解決した,解決した
48,2,7109,14,いくらですか,いくらですか
49,2,2671,8,ピティナに支払う報酬はいくらですか,ピティナに支払う報酬はいくらですか
50,1,2675,8,ピティナの利用料金はいくらですか？,ピティナの利用料金はいくらですか？
51,2,7116,14,だいたいどれくらいで作れますか？,だいたいどれくらいで作れますか？
52,1,7116,14,だいたいどれくらいの開発期間で作れますか？,だいたいどれくらいの開発期間で作れますか？
53,1,7129,14,このパッケージをもとに作られたサービスはありますか？,このパッケージをもとに作られたサービスはありますか？
54,1,7092,14,他の開発実績を教えて下さい,他の開発実績を教えて下さい
55,1,2677,8,問い合わせしたい先生が3名います。それぞはれの教室を見学させていただいて決める事は可能でしょうか？その場合は、どのように申し込めば良いでしょうか？,問い合わせしたい先生が3名います。それぞはれの教室を見学させていただいて決める事は可能でしょうか？その場合は、どのように申し込めば良いでしょうか？
56,2,7099,14,回答失敗させてみる,回答失敗させてみる
57,2,7122,14,ライドシェアサービスは作れますか？,ライドシェアサービスは作れますか？
58,2,4045,2,いいえ,いいえ
59,1,5465,2,おはようございます！,おはようございます！
60,1,4052,2,点灯していない,点灯していない
61,1,4041,2,あった,あった
62,1,4558,9,PC入替,PC入替
63,1,4313,8,ピアノを習いたい,ピアノを習いたい
64,1,4840,8,見学はできますか,見学はできますか
65,1,5465,2,おはよう,おはよう
66,2,4056,2,今週の会社の予定は？,今週の会社の予定は？
67,2,4057,2,はい,はい
68,1,4058,2,会社全体の予定,会社全体の予定
69,1,4041,2,あった,あった
70,1,4039,2,自宅,自宅
71,1,4055,2,画面は表示されているが、ログインが出来ない,画面は表示されているが、ログインが出来ない
72,1,7048,9,ホールディングスのプリンタを利用したい,ホールディングスのプリンタを利用したい
73,1,7272,14,ライドシェアできますか？,ライドシェアできますか？
74,1,7137,14,しぇあこさんって誰？,しぇあこさんって誰？
75,2,7271,14,カスタマイズ開発の費用はいくらですか？,カスタマイズ開発の費用はいくらですか？
76,1,7316,2,こんばんは！,こんばんは！
77,1,7022,2,好きな本は？,好きな本は？
78,1,4044,2,全く検討もつかない,全く検討もつかない
79,2,7121,14,ペイパルは対応してますか？,ペイパルは対応してますか？
80,2,7128,14,データ分析機能を作ってもらうことはできますか？,データ分析機能を作ってもらうことはできますか？
81,2,7093,14,パッケージを購入してから、開発相談をすればいいのですか？,パッケージを購入してから、開発相談をすればいいのですか？
82,1,4209,1,こんにちは,こんにちは
83,1,7317,14,パッケージの料金を教えて下さい,パッケージの料金を教えて下さい
84,1,7317,14,パッケージ料金はいくら？,パッケージ料金はいくら？
85,2,4046,2,パソコン,パソコン
86,1,2684,8,こんにちは,こんにちは
87,2,8230,15,パソコンの画面が真っ暗になった,パソコンの画面が真っ暗になった
88,1,8532,15,画面,画面
89,1,8482,15,情報システム部の誰かに電話がしたい,情報システム部の誰かに電話がしたい
90,2,8451,15,LANケーブルが欲しいです,LANケーブルが欲しいです
91,1,8531,15,マウス,マウス
92,1,8548,15,PC電源はいらないよ,PC電源はいらないよ
93,1,8533,15,本体,本体
94,1,8516,15,それでも電源が入らない。,それでも電源が入らない。
95,1,8501,15,誰ですか,誰ですか
96,1,8530,15,キーボード,キーボード
97,1,8611,15,はい,はい
98,1,8611,15,はい,はい
99,1,7271,14,カスタマイズできますか？,カスタマイズできますか？
100,2,8633,15,わからない,わからない
101,1,8610,15,はい,はい
102,2,8436,15,インターネットが遅い,インターネットが遅い
103,1,8532,15,画面,画面
104,1,8437,15,PCおかしい,PCおかしい
105,2,8649,16,生命保険に入っている場合、年末調整には何か絡んでましたっけ？,生命保険に入っている場合、年末調整には何か絡んでましたっけ？
106,1,2745,8,全くの初心者ですが大丈夫ですか,全くの初心者ですが大丈夫ですか
107,2,2694,8,若い先生に習いたい,若い先生に習いたい
108,1,9082,18,元気？,元気？
109,1,9118,18,お疲れ様,お疲れ様
110,1,9091,18,ありがとう！,ありがとう！
111,1,9092,18,好きな食べ物は？,好きな食べ物は？
112,2,9113,18,お魚やと何が好き？,お魚やと何が好き？
113,1,9094,18,こんばんは！,こんばんは！
114,1,9110,18,どこに住んでるの？,どこに住んでるの？
115,1,9102,18,明日よろしく！,明日よろしく！
116,2,9102,18,明日の予定は何かある？,明日の予定は何かある？
117,2,9113,18,好きなお菓子は？,好きなお菓子は？
118,1,9113,18,どんな音楽聴いてる？,どんな音楽聴いてる？
119,2,9103,18,今日の予定は？,今日の予定は？
120,2,9103,18,今日の天気は？,今日の天気は？
121,1,9103,18,いい天気だね！,いい天気だね！
122,2,9086,18,何歳？,何歳？
123,2,9102,18,明日の天気教えて,明日の天気教えて
124,2,2697,8,音大受験レッスンで検索したい。。。。,音大受験レッスンで検索したい。。。。
125,1,7299,1,モーダルウィンドウとは？,モーダルウィンドウとは？
126,1,9684,17,画面,画面
127,1,9713,17,はい。,はい。
128,1,9713,17,はい。,はい。
129,1,9789,17,好きな食べ物は？,好きな食べ物は？
130,1,9684,17,画面,画面
131,1,9800,17,ケーブルなくした,ケーブルなくした
132,1,9860,16,医療費控除を受けられますか,医療費控除を受けられますか
133,2,4046,2,携帯電話が壊れた。,携帯電話が壊れた。
134,1,9684,17,画面,画面
135,1,13664,17,画面,画面
136,1,9790,17,おはよう！,おはよう！
137,1,9788,17,いいえ。もう帰ります。,いいえ。もう帰ります。
138,1,9789,17,好きな食べ物は？,好きな食べ物は？
139,2,13619,15,マイクの音が出ません,マイクの音が出ません
140,2,13619,15,パソコンから変な音がします,パソコンから変な音がします
141,2,8639,15,かな入力ができません,かな入力ができません
142,2,8417,15,ワードがフリーズします,ワードがフリーズします
143,1,10846,1,もふみんっていうゆるキャラがいるらしいよ,もふみんっていうゆるキャラがいるらしいよ
144,2,13514,15,プリンターにつながらないよ,プリンターにつながらないよ
145,1,8515,15,プリンターが動きません。,プリンターが動きません。
146,1,13694,15,解決しました。,解決しました。
147,1,8549,15,はい。,はい。
148,1,8411,15,はい。,はい。
149,1,13616,15,いいえ。,いいえ。
150,1,13515,15,はい。接続できていました。,はい。接続できていました。
151,2,8515,15,プリンターの神がつまってしまった,プリンターの神がつまってしまった
152,1,13700,15,プリンターで紙が毎回詰まってしまいます。,プリンターで紙が毎回詰まってしまいます。
153,1,8389,15,共有フォルダにアクセスできません。,共有フォルダにアクセスできません。
154,2,8389,15,外出先から社内の共有フォルダにアクセスできるようにしたいです,外出先から社内の共有フォルダにアクセスできるようにしたいです
155,2,9257,18,君使えないねー,君使えないねー
156,2,7299,1,モーダルウィンドウとは？,モーダルウィンドウとは？
157,2,7271,14,カスタマイズなしで構築できますか？,カスタマイズなしで構築できますか？
158,1,7290,14,おいくらですか？,おいくらですか？
159,2,7137,14,あなたはフリー素材ですか？,あなたはフリー素材ですか？
160,1,7282,14,フェイスブックログインできます,フェイスブックログインできます
161,2,2745,8,大人の上級まで学びたい,大人の上級まで学びたい
162,1,10646,8,もう少し詳しい住所を知りたいです,もう少し詳しい住所を知りたいです
163,1,10646,8,もう少し詳しい住所を知りたいです,もう少し詳しい住所を知りたいです
164,1,8530,15,キーボード,キーボード
165,1,13515,15,はい。接続できていました。,はい。接続できていました。
166,1,8586,15,はい。,はい。
167,1,4633,8,土曜日もレッスンしてくれる先生を希望です,土曜日もレッスンしてくれる先生を希望です
168,2,15105,14,こんばんは,こんばんは
169,1,9043,8,先生の年齢を指定することはできますか？,先生の年齢を指定することはできますか？
170,1,17409,15,はじめまして！,はじめまして！
171,2,13926,14,パッケージの料金っていくらなの？,パッケージの料金っていくらなの？
172,2,0,15,お茶がこわれた,お茶がこわれた
173,1,13956,14,ユーザーどうしでメールのやりとりはできるんですか？,ユーザーどうしでメールのやりとりはできるんですか？
174,1,15076,15,PCの音が出ません。,PCの音が出ません。
175,1,14849,15,無線LANのパスワードを忘れてしまいました,無線LANのパスワードを忘れてしまいました
176,2,10838,8,もう少し詳しい住所を知りたいです,もう少し詳しい住所を知りたいです
177,2,9071,8,稲垣千賀子先生とは,稲垣千賀子先生とは
178,2,0,15,アニメですか？,アニメですか？
179,1,17410,15,すきなことは？,すきなことは？
180,1,15099,15,こんにちは！,こんにちは！
181,1,9050,8,保育士受験対策のレッスンを希望します。,保育士受験対策のレッスンを希望します。
182,1,15119,1,トマト好き？,トマト好き？
183,2,17363,8,後藤加奈教室はどこですか？,後藤加奈教室はどこですか？
184,2,17381,15,パソコンこわれちゃった,パソコンこわれちゃった
185,1,13778,14,こんにちは！,こんにちは！
186,1,15033,15,パソコンおかしい,パソコンおかしい
187,2,0,15,直角って何度？,直角って何度？
188,2,0,15,こんんちいは！,こんんちいは！
189,1,15119,1,トマト好き？,トマト好き？
190,1,13778,14,こんにちは,こんにちは
191,1,15104,15,ありがとうございます！,ありがとうございます！
192,1,15124,15,LANケーブルどっかいった,LANケーブルどっかいった
193,1,16435,15,プリンター紙詰まった！,プリンター紙詰まった！
194,1,15122,15,君かしこいね！,君かしこいね！
195,1,17381,15,パソコンこわれちゃった,パソコンこわれちゃった
196,1,18352,15,おは！,おは！
197,2,17438,22,パソコン壊れちゃった,パソコン壊れちゃった
198,2,0,22,あああ,あああ
199,2,0,22,パソコン,パソコン
200,2,0,22,経費,経費
201,2,0,22,パソコンこわれた,パソコンこわれた
202,1,9651,1,はらぱんって誰ですか？,はらぱんって誰ですか？
203,2,9726,8,姉妹で習わせたいですが割引はありますか？,姉妹で習わせたいですが割引はありますか？
204,2,18751,13,レート,レート
205,2,18750,13,レートはどこで確認するの？,レートはどこで確認するの？
206,1,18744,13,海外出張精算時のレートに乖離が出た場合どうするの,海外出張精算時のレートに乖離が出た場合どうするの
207,2,18699,13,日当　金額,日当　金額
208,1,18829,13,機中泊について知りたい,機中泊について知りたい
209,1,19305,13,担当者を知りたい,担当者を知りたい
210,2,0,26,あｄがｒふぁｇへｒだｆ,あｄがｒふぁｇへｒだｆ
211,2,18701,13,領収書を紛失してしまいました。どうすればいいですか？,領収書を紛失してしまいました。どうすればいいですか？
212,2,18582,13,何時間の出張から日当が出ますか？,何時間の出張から日当が出ますか？
213,1,18633,13,"国内の日帰り出張で、業務+懇親会で11時間以上になった場合の
日当はいくらですか？","国内の日帰り出張で、業務+懇親会で11時間以上になった場合の
日当はいくらですか？"
214,2,18664,13,領収書台紙はどこに提出すればいいですか？,領収書台紙はどこに提出すればいいですか？
215,2,18586,13,昨年度の旅費を精算できますか？,昨年度の旅費を精算できますか？
216,1,18577,13,国内旅費の日当はいくらですか？,国内旅費の日当はいくらですか？
217,1,18682,13,宿泊を含む国内出張の場合、移動のみの日については日当は支給なしになりますか？,宿泊を含む国内出張の場合、移動のみの日については日当は支給なしになりますか？
218,2,14839,15,Windowsにログインが出来ません,Windowsにログインが出来ません
219,1,15040,15,パソコン入替えの手順を教えてください。,パソコン入替えの手順を教えてください。
220,1,19256,27,ダウンロードしたソフトをインストールしたい,ダウンロードしたソフトをインストールしたい
221,1,18780,13,領収書紛失,領収書紛失
222,2,0,25,了解です。,了解です。
223,2,0,25,おーい,おーい
224,1,19456,28,解決しない,解決しない
225,1,18332,13,ありがとう,ありがとう
226,2,18630,13,国内出張の日当,国内出張の日当
227,2,18594,13,海外出張　深夜便,海外出張　深夜便
228,2,18594,13,海外出張　深夜便　宿泊代,海外出張　深夜便　宿泊代
229,1,18642,13,国内出張時に実家に宿泊した場合の宿泊代は？,国内出張時に実家に宿泊した場合の宿泊代は？
230,2,0,13,またね,またね
231,2,0,13,またよろしく,またよろしく
232,1,18335,13,こんばんは,こんばんは
233,1,0,13,海外出張　ＳＡＰ,海外出張　ＳＡＰ
234,1,18737,13,円貨払いがある場合は海外出張旅費に含めて精算してもよいか？,円貨払いがある場合は海外出張旅費に含めて精算してもよいか？
235,1,15040,15,"PCの入れ替えをご希望の場合は、
課長以上の方の承認を得た上でシステム部までご連絡下さい。
XXX@example.com

メールと紙上での申請が必要になります。

＊在庫がない場合は、新規レンタル費用が必要になります。
 

ご連絡いただきたい内容
 ・使用者(もしくは共有PCの管理者)
 ・入替えが必要な理由
 ・入替前後のPCについて
例：ノート→デスクトップ","PCの入れ替えをご希望の場合は、
課長以上の方の承認を得た上でシステム部までご連絡下さい。
XXX@example.com

メールと紙上での申請が必要になります。

＊在庫がない場合は、新規レンタル費用が必要になります。
 

ご連絡いただきたい内容
 ・使用者(もしくは共有PCの管理者)
 ・入替えが必要な理由
 ・入替前後のPCについて
例：ノート→デスクトップ"
236,1,15033,15,IEの表示がおかしいです。,IEの表示がおかしいです。
237,2,0,15,あがふぁえｒｄふぁ,あがふぁえｒｄふぁ
238,2,18613,13,国内出張　飛行機等級,国内出張　飛行機等級
239,2,18613,13,国内出張　ビジネスクラスやクラスJは利用可能ですか？,国内出張　ビジネスクラスやクラスJは利用可能ですか？
240,2,19714,29,携帯,携帯
241,2,0,29,セールスフォース　支払,セールスフォース　支払
242,2,18780,13,費用計算書と領収書を紛失してしまったら？,費用計算書と領収書を紛失してしまったら？
243,1,18608,13,国内出張時にタクシーの領収書を紛失した場合の精算方法は？,国内出張時にタクシーの領収書を紛失した場合の精算方法は？
244,2,18868,13,休暇で海外滞在する予定であるが、その滞在中に業務を行うことになった場合、その業務に従事した際の宿泊費や現地旅費は、海外出張旅費として精算可能か？,休暇で海外滞在する予定であるが、その滞在中に業務を行うことになった場合、その業務に従事した際の宿泊費や現地旅費は、海外出張旅費として精算可能か？
245,1,18839,13,海外出張精算で、旅費交通費（宿泊費・日当）を現地法人が負担した場合の処理は？,海外出張精算で、旅費交通費（宿泊費・日当）を現地法人が負担した場合の処理は？
246,1,9043,8,先生の年齢を指定することはできますか？,先生の年齢を指定することはできますか？
247,2,9687,1,もうちょい賢くなって欲しいです,もうちょい賢くなって欲しいです
248,2,19742,30,こんにちは,こんにちは
249,2,13778,14,こんにちは,こんにちは
250,2,0,17,こんにちわ,こんにちわ
251,2,0,30,こんにちわ,こんにちわ
252,2,18677,13,出張精算方法は？,出張精算方法は？
253,2,18607,13,国内出張　申請方法,国内出張　申請方法
254,2,0,29,こんにちわ,こんにちわ
255,1,19938,29,通勤経路,通勤経路
256,1,8985,8,ピアノ教室紹介を利用すると料金がかかりますか？,ピアノ教室紹介を利用すると料金がかかりますか？
257,1,9042,8,ピアノ持ってないけどだいじょうぶ？,ピアノ持ってないけどだいじょうぶ？
258,2,0,8,バカ,バカ
259,1,0,8,ない,ない
260,2,9071,8,lDが103157の先生はどなたですか？,lDが103157の先生はどなたですか？
261,1,19742,30,こんにちは,こんにちは
262,1,19749,30,損害保険募集人一般試験の申込方法を教えてください。,損害保険募集人一般試験の申込方法を教えてください。
263,1,19751,30,損害保険募集人一般試験に合格しました。必要な手続きを教えてください。,損害保険募集人一般試験に合格しました。必要な手続きを教えてください。
264,2,0,30,三井住友海上火災保険の課支社の方の連絡先,三井住友海上火災保険の課支社の方の連絡先
265,1,19818,30,らく賃のオリコの申込書が欲しいがどうしたらよいか。,らく賃のオリコの申込書が欲しいがどうしたらよいか。
266,1,15108,15,おはようー！,おはようー！
267,2,0,30,自動車事故が起きました,自動車事故が起きました
268,1,19837,30,パソコンの担当者は,パソコンの担当者は
269,1,19886,30,重説,重説
270,2,0,25,がｆｇヴぁえｒｆくぁえ,がｆｇヴぁえｒｆくぁえ
271,2,0,25,っほほ,っほほ
272,2,19811,30,らく賃の中抜け家賃はどこに振り込む？,らく賃の中抜け家賃はどこに振り込む？
273,2,19742,30,こんにちは,こんにちは
274,1,0,30,モバイル端末の担当は,モバイル端末の担当は
275,1,19859,30,モバイル端末ロール紙の担当者は誰になるのか？,モバイル端末ロール紙の担当者は誰になるのか？
276,2,19817,30,らく賃の担当は,らく賃の担当は
277,2,19803,30,トータルらく賃の受託,トータルらく賃の受託
278,2,19868,30,らく賃の受託,らく賃の受託
279,2,0,22,出張経費申請の方法おしえてくれ,出張経費申請の方法おしえてくれ
280,1,17538,22,おはよう！,おはよう！
281,1,13778,14,こんにちは！,こんにちは！
282,1,18574,8,私は全くピアノが弾けません。しかし保育士になりたいと思っています。そんな私にも合う教室はありますか？,私は全くピアノが弾けません。しかし保育士になりたいと思っています。そんな私にも合う教室はありますか？
283,2,18818,13,出向者の海外旅費精算はどうすればいいですか？,出向者の海外旅費精算はどうすればいいですか？
284,1,18815,13,国内の出向者です。,国内の出向者です。
285,2,20944,33,現場監督が協力会社を追加する際にメールアドレスを誤って登録し登録完了メールが届かない。どうすれば修正できますか？,現場監督が協力会社を追加する際にメールアドレスを誤って登録し登録完了メールが届かない。どうすれば修正できますか？
286,2,0,1,おりゃああ,おりゃああ
287,2,0,1,おりゃあああ,おりゃあああ
288,2,0,22,のり弁当の作り方おしえて,のり弁当の作り方おしえて
289,2,17566,22,ちょっとおしえて,ちょっとおしえて
290,2,0,22,円周率をおしえて,円周率をおしえて
291,2,17566,22,ちょっとおしえて,ちょっとおしえて
292,2,0,2,おはよう！,おはよう！
293,1,15109,15,好きな本はなんですか？,好きな本はなんですか？
294,1,15110,15,好きな映画はなんですか？,好きな映画はなんですか？
295,1,13911,14,セキュリティどのようになっていますか？,セキュリティどのようになっていますか？
296,2,13652,1,鏑木さんって？,鏑木さんって？
297,1,22450,1,鏑木さんって誰？,鏑木さんって誰？
298,2,0,22,円周率はいくらですか？,円周率はいくらですか？
299,2,17525,22,セキュリティソフトの月額費用はいくらですか？,セキュリティソフトの月額費用はいくらですか？
300,2,17467,22,パソコンおかしい,パソコンおかしい
301,1,18577,13,宿泊日当はいくら,宿泊日当はいくら
302,2,18831,13,ホテル代はいくらまでですか？,ホテル代はいくらまでですか？
303,1,18680,13,ガソリン代,ガソリン代
304,2,18779,13,領収書を無くしてしまった,領収書を無くしてしまった
305,1,18780,13,費用計算書と領収書を紛失してしまったら？,費用計算書と領収書を紛失してしまったら？
306,2,0,13,中国の為替レートは,中国の為替レートは
307,2,0,13,出張時の移動時間は残業時間になりますか？,出張時の移動時間は残業時間になりますか？
308,2,0,13,帰社が定時後になる場合、残業時間としてカウントしますか？,帰社が定時後になる場合、残業時間としてカウントしますか？
309,2,18848,13,退職したいのですが手続きは？,退職したいのですが手続きは？
310,1,15119,1,トマト好き？,トマト好き？
311,2,18577,13,宿泊を伴わない場合はいくらでしょうか？,宿泊を伴わない場合はいくらでしょうか？
312,1,18577,13,国内出張の日当てはいくらでしょうか？,国内出張の日当てはいくらでしょうか？
313,2,18633,13,日帰り出張の日当てはいくらでしょうか？,日帰り出張の日当てはいくらでしょうか？
314,2,0,13,知多への日帰り出張に日当てはつきますか？,知多への日帰り出張に日当てはつきますか？
315,2,18689,13,海外出張で日本円で支払った場合は、費用計算書に入れてもいいですか？,海外出張で日本円で支払った場合は、費用計算書に入れてもいいですか？
316,1,9564,1,会社,会社
317,2,0,13,カーシェアリングの精算方法は？,カーシェアリングの精算方法は？
318,2,0,1,なす,なす
319,1,16423,1,とまと,とまと
321,1,13937,1,モーダルウィンドウとは？,モーダルウィンドウとは？
322,1,18872,13,海外出張旅費精算が承認されていないものがありますが、いつ承認になりますか？,海外出張旅費精算が承認されていないものがありますが、いつ承認になりますか？
323,2,18691,13,ESTA（エスタ）代は、海外出張費用計算書にいれてもいいですか？,ESTA（エスタ）代は、海外出張費用計算書にいれてもいいですか？
324,1,18689,13,海外出張で日本円で支払った場合は、費用計算書に入れてもいいですか？,海外出張で日本円で支払った場合は、費用計算書に入れてもいいですか？
325,2,18751,13,ユーロのレートっていくら,ユーロのレートっていくら
326,2,18751,13,EURO レート,EURO レート
327,1,18577,13,宿泊を伴う国内出張の日当はいくらになりますか？,宿泊を伴う国内出張の日当はいくらになりますか？
328,1,22448,13,知多へ日帰りは日当がつきますか？,知多へ日帰りは日当がつきますか？
329,1,18774,13,海外での個人携帯電話費用について、どのように清算すればいいですか？,海外での個人携帯電話費用について、どのように清算すればいいですか？
330,1,18725,13,海外で接待飲食代を取引先が一部負担してくれた場合や割勘された場合で、これら先方負担金額を除いて請求されたときの勘定科目は、どうしたらいいでしょうか？,海外で接待飲食代を取引先が一部負担してくれた場合や割勘された場合で、これら先方負担金額を除いて請求されたときの勘定科目は、どうしたらいいでしょうか？
331,1,18691,13,ESTA（エスタ）代は、海外出張費用計算書にいれてもいいですか？,ESTA（エスタ）代は、海外出張費用計算書にいれてもいいですか？
332,2,18820,13,国内出向者が、海外出張した時に、出張費用を出向先が100％負担した場合の申請処理は？,国内出向者が、海外出張した時に、出張費用を出向先が100％負担した場合の申請処理は？
333,1,18706,13,国内出向者の海外出張日当はどうすればいいですか？,国内出向者の海外出張日当はどうすればいいですか？
334,2,18706,13,国内出向者の海外出張精算はどうすればいいですか？,国内出向者の海外出張精算はどうすればいいですか？
335,2,18607,13,国内出張はいつまでに精算すればいいですか,国内出張はいつまでに精算すればいいですか
336,1,18593,13,コーポレートカードを持っていない為、金券ショップにて新幹線の回数券を購入しました。どのように精算申請したら良いですか？,コーポレートカードを持っていない為、金券ショップにて新幹線の回数券を購入しました。どのように精算申請したら良いですか？
337,1,18591,13,国内出張時、移動開始〜労働終了までに11時間以上ある場合の日当はどうなりますか？,国内出張時、移動開始〜労働終了までに11時間以上ある場合の日当はどうなりますか？
338,1,18633,13,"国内の日帰り出張で、業務+懇親会で11時間以上になった場合の
日当はいくらですか？","国内の日帰り出張で、業務+懇親会で11時間以上になった場合の
日当はいくらですか？"
339,1,0,13,11時間を超える場合は？,11時間を超える場合は？
340,2,18647,13,国内出張の宿泊費規定は？,国内出張の宿泊費規定は？
341,2,18642,13,国内出張の宿泊費は？,国内出張の宿泊費は？
342,1,18581,13,国内での宿泊費が規定より安いのですが申請はどうしたら良いですか？,国内での宿泊費が規定より安いのですが申請はどうしたら良いですか？
343,2,18642,13,宿泊費はいくらですか？,宿泊費はいくらですか？
344,2,18666,13,国内出張で、領収書金額と申請金額が異なる場合はどうすれば良いのか？,国内出張で、領収書金額と申請金額が異なる場合はどうすれば良いのか？
345,1,18587,13,新幹線の領収書を紛失してしまいました。その場合あ精算はどうしたら良いですか？,新幹線の領収書を紛失してしまいました。その場合あ精算はどうしたら良いですか？
346,2,0,29,baka,baka
347,1,18685,13,現地で入国の際に発生したVISA発給の費用は、どの費目になりますか？,現地で入国の際に発生したVISA発給の費用は、どの費目になりますか？
348,1,18691,13,ESTA（エスタ）代は、海外出張費用計算書にいれてもいいですか？,ESTA（エスタ）代は、海外出張費用計算書にいれてもいいですか？
349,2,18800,13,海外出張申請の際に国内交通費の予算を入力する欄がありますが、精算は海外出張旅費システムでするのですか？,海外出張申請の際に国内交通費の予算を入力する欄がありますが、精算は海外出張旅費システムでするのですか？
350,2,0,13,海外出張生産は24時間使えますか？,海外出張生産は24時間使えますか？
352,2,0,13,何日以内に生産しないといけないのでしょうか？,何日以内に生産しないといけないのでしょうか？
353,2,18853,13,精算期日は何日でしょうか？,精算期日は何日でしょうか？
354,2,0,13,品川から名古屋の新幹線代はいくらですか？,品川から名古屋の新幹線代はいくらですか？
355,1,18633,13,日帰り出張の日当はいくらですか？,日帰り出張の日当はいくらですか？
356,2,18633,13,11時間以上はいくらですか？,11時間以上はいくらですか？
359,1,18689,13,海外出張で日本円で支払った場合は、費用計算書に入れてもいいですか？,海外出張で日本円で支払った場合は、費用計算書に入れてもいいですか？
360,1,18754,13,レンタル携帯電話費用はどうやって申請しますか？,レンタル携帯電話費用はどうやって申請しますか？
361,1,15119,1,トマト好き？,トマト好き？
362,2,0,1,おおお,おおお
363,2, - ,1,ナスは好き？,ナスは好き？
364,1,18860,13,海外の免税店で購入したお土産の勘定科目コードは何？,海外の免税店で購入したお土産の勘定科目コードは何？
365,1,22947,36,おはよう,おはよう
366,2,0,36,明日の天気は？,明日の天気は？
367,2,0,14,がたやまです,がたやまです
368,1,18656,13,"国内出張について、行きは名古屋⇒東京へ出張、帰りは私用で東京⇒大阪に移動しました。
どのように精算申請したら良いですか？","国内出張について、行きは名古屋⇒東京へ出張、帰りは私用で東京⇒大阪に移動しました。
どのように精算申請したら良いですか？"
369,2,0,13,ＴＨＲ採用支援Ｇの担当者、連絡先は？,ＴＨＲ採用支援Ｇの担当者、連絡先は？
370,2,0,13,インド出張にあたり事前に予防接種（トラベラーズワクチン）を実施しましたが、個人負担になりますか？　会社負担可能ですか？,インド出張にあたり事前に予防接種（トラベラーズワクチン）を実施しましたが、個人負担になりますか？　会社負担可能ですか？
371,2,0,13,トラベラーズワクチンの費用は会社に請求してもいいですか？,トラベラーズワクチンの費用は会社に請求してもいいですか？
372,2,18616,13,トラベラーズワクチンの費用負担は？,トラベラーズワクチンの費用負担は？
373,2,0,1,ふぁｓｄふぁｇら,ふぁｓｄふぁｇら
374,2,18826,13,国内出張の宿泊費の上限はいくらですか,国内出張の宿泊費の上限はいくらですか
375,2,0,13,特急料金は請求できますか,特急料金は請求できますか
376,1,18738,13,VISA代の精算はどうすればいいでしょうか？,VISA代の精算はどうすればいいでしょうか？
377,1, - ,15,はい。,はい。
378,2,0,13,海外で、駐在員が利用した交際費の勘定科目は？,海外で、駐在員が利用した交際費の勘定科目は？
379,2,18695,13,現地駐在員と出張者が利用した飲食費です,現地駐在員と出張者が利用した飲食費です
380,2,0,13,勘定科目ｺｰﾄﾞは何を使えばいいですか？,勘定科目ｺｰﾄﾞは何を使えばいいですか？
383,2,23011,25,さいころ,さいころ
384,2,16710,1,ドンキホーテって誰,ドンキホーテって誰
385,2,16710,1,ドンキホーテって誰？,ドンキホーテって誰？
386,2,16710,1,ドンキホーテって誰,ドンキホーテって誰
387,2,9560,1,オフィスの賃料は？,オフィスの賃料は？
388,2,0,1,moge,moge
389,2,0,25,いっぺい,いっぺい
390,1,23013,29,横田さん,横田さん
391,1,18582,13,週末も日当出るの,週末も日当出るの
392,2,18607,13,国内出張精算はいつまでに実施する必要がありますか？,国内出張精算はいつまでに実施する必要がありますか？
393,1,19786,30,らく賃の保証人変更について,らく賃の保証人変更について
394,1,0,30,中抜け家賃は事務手数料も回収しますか,中抜け家賃は事務手数料も回収しますか
395,1,19811,30,戸別らく賃・らく賃サポート・トータルらく賃で中抜家賃が発生するが、店舗ではどのような対応をすれば良いか。,戸別らく賃・らく賃サポート・トータルらく賃で中抜家賃が発生するが、店舗ではどのような対応をすれば良いか。
396,2,19888,30,契約書の未回収の報告方法について,契約書の未回収の報告方法について
397,2,19888,30,未回収契約書,未回収契約書
398,2,0,30,未回収契約書の記載,未回収契約書の記載
399,2,19888,30,契約書未回収,契約書未回収
400,2,19817,30,らく賃の契約満了日を伸ばしたい,らく賃の契約満了日を伸ばしたい
401,2,0,30,らく賃の契約満了日を延長したい,らく賃の契約満了日を延長したい
402,1,0,30,ガスの金額を知りたい,ガスの金額を知りたい
403,1,19799,30,ガスの切り替え工事の売上金額はいくらになるのか。,ガスの切り替え工事の売上金額はいくらになるのか。
404,1,19799,30,"基本の金額は下記になります。
?一戸建て住宅（LPガスコンロ・LPガス給湯器付風呂釜使用の場合）
　１棟当たり　51,429円（税込）
?集合住宅（ワンルーム・１Ｋ・１ＤＫ除く）
　１戸当たり　51,429円（税込）
?集合住宅（ワンルーム・１Ｋ・１ＤＫが対象）
　１戸当たり　10,285円（税込）","基本の金額は下記になります。
?一戸建て住宅（LPガスコンロ・LPガス給湯器付風呂釜使用の場合）
　１棟当たり　51,429円（税込）
?集合住宅（ワンルーム・１Ｋ・１ＤＫ除く）
　１戸当たり　51,429円（税込）
?集合住宅（ワンルーム・１Ｋ・１ＤＫが対象）
　１戸当たり　10,285円（税込）"
405,2,0,30,オリコのクレジット払いはまだあるか,オリコのクレジット払いはまだあるか
406,1,0,30,クレームについて,クレームについて
407,1,19821,30,振替入力（雑収入・クレーム費用）の担当者は誰になるのか？,振替入力（雑収入・クレーム費用）の担当者は誰になるのか？
408,1,19745,30,重要事項説明書の記載方法で現況と全部事項が異なる場合はどのように対応したらよいか。,重要事項説明書の記載方法で現況と全部事項が異なる場合はどのように対応したらよいか。
409,1,19886,30,重説確認,重説確認
411,1,18577,13,大阪まで出張します。日当はいくらですか？,大阪まで出張します。日当はいくらですか？
412,2,19750,30,宅建に合格しました。手続きを教えてください。,宅建に合格しました。手続きを教えてください。
413,1,19751,30,損保試験に合格しました。試験料の小口はどのように対応すればよいでしょうか,損保試験に合格しました。試験料の小口はどのように対応すればよいでしょうか
414,1,19750,30,損保試験に合格しました。社内手続きを教えてください。,損保試験に合格しました。社内手続きを教えてください。
415,2,19905,30,入社書類確認の担当者は誰になるのか？,入社書類確認の担当者は誰になるのか？
416,1,19875,30,プロパンガスの担当者は誰になるのか？,プロパンガスの担当者は誰になるのか？
417,2,18613,13,国内出張旅費は、出張後何日以内に清算すればいいんですか？,国内出張旅費は、出張後何日以内に清算すればいいんですか？
418,1,15583,1,鯖ってなんのこと言ってるの？,鯖ってなんのこと言ってるの？
419,2, - ,25,パソコンの故障、トラブル,パソコンの故障、トラブル
420,1, - ,26,教材内容を見たい,教材内容を見たい
421,2,0,26,サービスの金額,サービスの金額
422,1, - ,26,Internet Explorer(Ver11),Internet Explorer(Ver11)
423,1,23599,26,受講取り消しをしたい,受講取り消しをしたい
424,2,23574,26,使えるブラウザ,使えるブラウザ
425,2,23582,26,費用が知りたい。コースは何コースありますか？,費用が知りたい。コースは何コースありますか？
426,2,18577,13,大阪から名古屋に半日出張しました、日当はでますか？,大阪から名古屋に半日出張しました、日当はでますか？
427,2,0,26,動作環境が知りたい,動作環境が知りたい
428,1,23604,26,エラーメッセージが表示され受講申込ができません。,エラーメッセージが表示され受講申込ができません。
429,2,18714,13,年末調整の提出期限はいつですか？,年末調整の提出期限はいつですか？
430,1,0,13,海外出張旅費精算はなぜ必要なのですか？,海外出張旅費精算はなぜ必要なのですか？
431,1,18718,13,ESTA（エスタ）の精算は、なぜ14ドルなの？,ESTA（エスタ）の精算は、なぜ14ドルなの？
432,2,0,13,出張申請のやり方を知りたい,出張申請のやり方を知りたい
433,1,18874,13,事前の海外出張申請を忘れてしまいました。どうすればいいですか。,事前の海外出張申請を忘れてしまいました。どうすればいいですか。
434,1,18683,13,海外出張申請をしないで出張をしてしまった場合どうしたらいいですか？,海外出張申請をしないで出張をしてしまった場合どうしたらいいですか？
435,1,18701,13,海外出張時のホテルの領収書を紛失した場合どうすればいいですか？,海外出張時のホテルの領収書を紛失した場合どうすればいいですか？
436,1,18740,13,海外出張精算で、交際費の領収書をなくしたが、どのように精算したらよいか,海外出張精算で、交際費の領収書をなくしたが、どのように精算したらよいか
437,1,18874,13,海外出張申請を提出するのを忘れていました。,海外出張申請を提出するのを忘れていました。
438,2,23714,30,らく賃の受託はどうすればいい,らく賃の受託はどうすればいい
439,2,23714,30,らく賃の受託方法について知りたい,らく賃の受託方法について知りたい
442,2,0,13,東京に転勤になった,東京に転勤になった
443,2,0,13,引っ越し費用はどのように請求すればよいですか？,引っ越し費用はどのように請求すればよいですか？
444,2,0,13,東京の社宅はどこがありますか？,東京の社宅はどこがありますか？
445,1,9707,1,社員証を無くしました,社員証を無くしました
446,1,18824,13,海外出張のフライトが東京発であったため東京へ移動し、前泊した場合、国内の日当は申請しないという理解であってるか？,海外出張のフライトが東京発であったため東京へ移動し、前泊した場合、国内の日当は申請しないという理解であってるか？
447,1,18637,13,海外出張で機内泊の日当は？,海外出張で機内泊の日当は？
448,2, - ,35,Dropboxと同期をしています,Dropboxと同期をしています
449,1,15076,15,PCの音が出ません。,PCの音が出ません。
450,1, - ,15,ローカルに保存しているデータが沢山あります,ローカルに保存しているデータが沢山あります
451,2,0,15,直角って何度？,直角って何度？
452,1,18576,13,国内出張で、JR特急券はどうやって精算したら良いですか？,国内出張で、JR特急券はどうやって精算したら良いですか？
453,1,18576,13,特急券の精算,特急券の精算
454,1,18672,13,国内出張について、新幹線乗車券/特急券を購入する際、「領収書」の発行を忘れてしまいました。この場合精算は出来ますか？,国内出張について、新幹線乗車券/特急券を購入する際、「領収書」の発行を忘れてしまいました。この場合精算は出来ますか？
455,2,23746,30,らく賃の申込が入りました。,らく賃の申込が入りました。
456,2,0,30,ドアが壊れました。,ドアが壊れました。
457,2,0,30,ゴミがたまってきました。,ゴミがたまってきました。
458,1,0,30,恐れ入りますが、お手元にレシートが届きましたら、ＰＤＦで送っていただけないでしょうか？それか、コピー添付なしで報告させていただいてもよろしいでしょうか?,恐れ入りますが、お手元にレシートが届きましたら、ＰＤＦで送っていただけないでしょうか？それか、コピー添付なしで報告させていただいてもよろしいでしょうか?
459,2,0,30,選択内容に質問の内容がありません。,選択内容に質問の内容がありません。
460,2,0,30,直接総務課の方とお話はできますか？,直接総務課の方とお話はできますか？
461,2,0,30,連絡お待ちしております・・・・・,連絡お待ちしております・・・・・
462,2,23840,30,何してるの,何してるの
463,2,0,30,度々すみません。先ほど、車両走行距離データーの提出をしたところ、誤って、北浦和店のフォルダーに添付してしまいました。削除お願いできますか？,度々すみません。先ほど、車両走行距離データーの提出をしたところ、誤って、北浦和店のフォルダーに添付してしまいました。削除お願いできますか？
464,2,23843,30,上記内容ですが、問題解決できました。ありがとうございました,上記内容ですが、問題解決できました。ありがとうございました
465,2,23265,37,おススメのお店はどこですか？,おススメのお店はどこですか？
466,1,24400,37,おススメのお店は？,おススメのお店は？
467,2,23265,37,あんこ百貨店ってどういうお店ですか？,あんこ百貨店ってどういうお店ですか？
468,1,24401,37,あんこ百貨店ってどういうお店なんですか？,あんこ百貨店ってどういうお店なんですか？
469,1,24402,37,あんこ百貨店って？,あんこ百貨店って？
470,2,23260,37,どんな和菓子が好き？,どんな和菓子が好き？
471,2,24399,37,何歳なの？,何歳なの？
472,1,23246,37,おすすめのやつ教えて,おすすめのやつ教えて
473,2,0,37,すごいですね！,すごいですね！
474,2,18703,13,出張旅費の担当者に連絡したいので、電話番号を教えてください,出張旅費の担当者に連絡したいので、電話番号を教えてください
475,2,23821,30,産廃はどうしたらいいですか？,産廃はどうしたらいいですか？
476,1, - ,37,もちろんしてますよ！,もちろんしてますよ！
477,2,23256,37,配送できる地域はどこですか？,配送できる地域はどこですか？
478,2,0,37,おやすみー,おやすみー
479,1,0,30,結束バンドの発注依頼の御担当者は、総務課の下山係長と山本様でよろしいでしょうか,結束バンドの発注依頼の御担当者は、総務課の下山係長と山本様でよろしいでしょうか
480,1,23959,30,帳票でその他販促ツール全般・都度発注も有りの担当者は誰になりますか。,帳票でその他販促ツール全般・都度発注も有りの担当者は誰になりますか。
481,1,9660,1,こんにちは,こんにちは
482,2,15108,15,おはよう！,おはよう！
483,2,23956,30,モバイル端末についての担当者は誰ですか？,モバイル端末についての担当者は誰ですか？
484,2,0,30,全店舗でモバイル端末で大東建託のペイジー処理ができるようにならないでしょうか？,全店舗でモバイル端末で大東建託のペイジー処理ができるようにならないでしょうか？
485,2,0,30,サニタリーの施工証明書はＰＤＦをフォルダにまだ入れてるの？入れなくていいって途中からなったのかな？,サニタリーの施工証明書はＰＤＦをフォルダにまだ入れてるの？入れなくていいって途中からなったのかな？
486,1,23786,30,モバイル端末のロール紙は、誰にお願いしたらいいですか？,モバイル端末のロール紙は、誰にお願いしたらいいですか？
487,2,23699,30,ガスの切り替え工事の売上金額はいくらになるのか。,ガスの切り替え工事の売上金額はいくらになるのか。
488,1, - ,30,破損での故障,破損での故障
489,1,23733,30,デジカメが壊れました,デジカメが壊れました
490,1,23776,30,シュレッダーの故障がおきました。,シュレッダーの故障がおきました。
491,1,23833,30,手提げ金庫が壊れた。,手提げ金庫が壊れた。
492,1,23948,30,たのめーるプラスのＵＲＬは,たのめーるプラスのＵＲＬは
493,1,23725,30,重説で業者書式が使える業者はどこになるのか。,重説で業者書式が使える業者はどこになるのか。
494,1,23729,30,業者重説を使用する契約だが全部事項証明書と業者重説の構造が相違している。,業者重説を使用する契約だが全部事項証明書と業者重説の構造が相違している。
495,2,0,30,これから寒くなったら仕事中に黒のタイツは履いても大丈夫ですか？,これから寒くなったら仕事中に黒のタイツは履いても大丈夫ですか？
496,2,23732,30,アイフォンにアプリをダウンロードしたい,アイフォンにアプリをダウンロードしたい
497,2,0,30,給与明細がほしい,給与明細がほしい
498,2,0,30,切手がほしい,切手がほしい
499,2,0,30,洗車グッズを買いたい,洗車グッズを買いたい
500,2,0,30,トイレが壊れた,トイレが壊れた
501,1,23826,30,駐車場の新規の契約書はどうすればよいか。,駐車場の新規の契約書はどうすればよいか。
502,1,24409,30,契約書がたまってる,契約書がたまってる
503,2,24011,30,顧客ウェブシステムについて,顧客ウェブシステムについて
504,2,0,30,ウェブメンテ関連について,ウェブメンテ関連について
505,2,0,30,１１月理想の室内湿度を教えて,１１月理想の室内湿度を教えて
506,2,23746,30,らく賃の申込を取得しました,らく賃の申込を取得しました
507,1,23675,30,らく賃の申込手続きを知りたい。,らく賃の申込手続きを知りたい。
508,1,23942,30,資格で損害保険募集人の担当者は誰になりますか。,資格で損害保険募集人の担当者は誰になりますか。
509,2,0,30,保険の資格を更新しました。受験料の申請は必要ですか？,保険の資格を更新しました。受験料の申請は必要ですか？
510,1,0,30,契約書類を倉庫に送るには、どうしたらいいですか？,契約書類を倉庫に送るには、どうしたらいいですか？
511,1,23802,30,保管文書を倉庫へ返却したい。,保管文書を倉庫へ返却したい。
512,2,23714,30,全室らく賃とトータルらく賃の違いは？,全室らく賃とトータルらく賃の違いは？
515,1,24437,35,パソコンのメモリを増設したい。,パソコンのメモリを増設したい。
516,2,0,35,メモリー,メモリー
517,2, - ,30,らく賃サポート・トータルらく賃の場合,らく賃サポート・トータルらく賃の場合
518,1,23675,30,らく賃の申込,らく賃の申込
519,2,23675,30,らく賃の受託時の処理が知りたい。,らく賃の受託時の処理が知りたい。
520,2,23714,30,らく賃の受託,らく賃の受託
521,1,24440,30,らく賃の受託,らく賃の受託
522,1,0,30,社用携帯電話の担当者は？,社用携帯電話の担当者は？
523,1,0,30,本日新しい携帯電話が５台届きました。岡崎店人数は店長と担当５名で、合計６名となります。１１月６日（月）付入社の社員分は、用意が無いという事でよろしいでしょうか。,本日新しい携帯電話が５台届きました。岡崎店人数は店長と担当５名で、合計６名となります。１１月６日（月）付入社の社員分は、用意が無いという事でよろしいでしょうか。
524,1,23807,30,新しく入社する社員の社用携帯が届かない。,新しく入社する社員の社用携帯が届かない。
525,2,0,30,ボーナス,ボーナス
526,1,23866,30,好きな音楽は何ですか,好きな音楽は何ですか
527,1,23866,30,好きな音楽は？,好きな音楽は？
528,1,23675,30,らく賃申込,らく賃申込
529,1,24439,30,らく賃の申込を取得しました。,らく賃の申込を取得しました。
530,1,23845,30,好きな食べ物は？,好きな食べ物は？
531,2,23681,30,らく賃の担当者は誰,らく賃の担当者は誰
532,1,23965,30,周辺商品でらく賃（受託）の担当者は誰になりますか。,周辺商品でらく賃（受託）の担当者は誰になりますか。
533,1,23965,30,周辺商品でらく賃（受託）の担当者は誰になりますか。,周辺商品でらく賃（受託）の担当者は誰になりますか。
534,2,24440,30,らく賃受託の担当者はだれ,らく賃受託の担当者はだれ
535,1,23953,30,備品・什器関係で業務用携帯電話の担当者は誰になりますか。,備品・什器関係で業務用携帯電話の担当者は誰になりますか。
536,2,23821,30,車両のリース解約申請はどうすればいいか？,車両のリース解約申請はどうすればいいか？
537,2,23821,30,リース車両　解約はどうすればいいか？,リース車両　解約はどうすればいいか？
538,2,23821,30,車両申請はどうすればいいか？,車両申請はどうすればいいか？
539,2,23821,30,駐車場の解約申請はどうすればいいか？,駐車場の解約申請はどうすればいいか？
540,2,15119,1,トマト好き？,トマト好き？
541,2,20390,27,買取商談が検索できない,買取商談が検索できない
542,1,24449,30,駐車場を解約したい。,駐車場を解約したい。
543,1,24448,30,リース車両の解約をしたい,リース車両の解約をしたい
544,2,0,1,dousite,dousite
545,2,0,1,どんどんどん,どんどんどん
546,2,18091,1,サジェストでてこねえ,サジェストでてこねえ
547,2,12367,1,ラーメン,ラーメン
548,2,12367,1,ラーメン,ラーメン
549,2,12367,1,ラーメン,ラーメン
550,2,12367,1,ラーメン,ラーメン
551,2,12367,1,ラーメン,ラーメン
552,1,23901,30,テスト,テスト
553,1,24409,30,産廃はどうしたらいいですか,産廃はどうしたらいいですか
554,2,15119,1,トマト好き？,トマト好き？
555,2,0,2,おい,おい
556,2,9354,2,総務の山田さんに連絡をとりたい,総務の山田さんに連絡をとりたい
557,2,0,30,写真撮影に関して,写真撮影に関して
559,2,0,30,室内写真撮影にかんして,室内写真撮影にかんして
560,2,12367,1,ラーメン,ラーメン
561,1,24451,30,フォルダを消してしまいました,フォルダを消してしまいました
562,1,24450,30,ファイルを復旧してほしい,ファイルを復旧してほしい
563,1,24454,35,ファイル　復旧したい,ファイル　復旧したい
564,2,23799,30,名札をなくした,名札をなくした
565,1,23809,30,新しく入社する社員の名札が届かない。,新しく入社する社員の名札が届かない。
566,1,23808,30,新しく入社する社員の名刺はどうしたらいい？,新しく入社する社員の名刺はどうしたらいい？
567,1,23795,30,複合機　故障,複合機　故障
568,1,23809,30,新しく入社する社員の名刺はいつ頃届きますでしょうか？,新しく入社する社員の名刺はいつ頃届きますでしょうか？
569,2,0,30,全部事項　差し押さえ,全部事項　差し押さえ
570,2,0,30,差し押さえ,差し押さえ
571,2,0,30,差押,差押
572,2,0,30,所有権　差押,所有権　差押
573,2,23717,30,契約者以外に返金してもよいか,契約者以外に返金してもよいか
574,2,23658,30,仲介手数料を変更したい,仲介手数料を変更したい
575,2,23661,30,コピー用紙の発注は,コピー用紙の発注は
576,1,23661,30,パンフレットの発注は,パンフレットの発注は
577,2,23661,30,クリームキンマリの発注は,クリームキンマリの発注は
578,2,23724,30,平成29年10月に保証会社へ契約書を発送しました。10月31日に家賃の振込がなかったので保証会社へ事故報告書を発送した所、ハウスコムから初回保証料が払われていないため、保証対象外とお話しがありました。,平成29年10月に保証会社へ契約書を発送しました。10月31日に家賃の振込がなかったので保証会社へ事故報告書を発送した所、ハウスコムから初回保証料が払われていないため、保証対象外とお話しがありました。
579,2,23920,30,入金口座の入力は本社は全部やらないの？,入金口座の入力は本社は全部やらないの？
580,2,0,30,代理店監査がありました。　担当は金子さん？,代理店監査がありました。　担当は金子さん？
581,1,23920,30,銀行関連で入金口座不明金処理の担当者は誰になりますか。,銀行関連で入金口座不明金処理の担当者は誰になりますか。
582,2,0,30,処理は定休日と入力？,処理は定休日と入力？
583,2,0,30,定休日で本社が入金処理したらシステムの締め処理は定休日でいいの？,定休日で本社が入金処理したらシステムの締め処理は定休日でいいの？
584,2,23873,30,う～ん困った。,う～ん困った。
585,2,0,30,質問と答えが違うのですが。,質問と答えが違うのですが。
586,2,0,30,こんにちは！施工証明書って今はフォルダに入れなくていいって本当かな？,こんにちは！施工証明書って今はフォルダに入れなくていいって本当かな？
587,2,23737,30,看板を取り付ける結束バンドはどこに発注すればいいですか？,看板を取り付ける結束バンドはどこに発注すればいいですか？
588,2,23747,30,看板用の結束バンドは？,看板用の結束バンドは？
589,2,23817,30,反響を増やすにはどうしたらいい？,反響を増やすにはどうしたらいい？
590,2,23657,30,オンライン重説には何が必要ですか？,オンライン重説には何が必要ですか？
591,2,23657,30,オンライン重説やり方教えて,オンライン重説やり方教えて
592,2,23657,30,オンライン重説,オンライン重説
593,2,0,30,おーい,おーい
594,2,24424,30,年賀状担当者,年賀状担当者
595,2,24424,30,看板リニューアル担当者は？,看板リニューアル担当者は？
596,2,23733,30,ﾘﾊﾞｯﾌﾟｶﾞｰﾄﾞの売上変更はどうしたらよいか,ﾘﾊﾞｯﾌﾟｶﾞｰﾄﾞの売上変更はどうしたらよいか
597,2,23699,30,ﾘﾊﾞｯﾌﾟｶﾞｰﾄﾞの売上金額変更,ﾘﾊﾞｯﾌﾟｶﾞｰﾄﾞの売上金額変更
598,1,23716,30,ハウスガード（新リバップガード）の代理店手数料（保険売上）の担当者は変更できるか。,ハウスガード（新リバップガード）の代理店手数料（保険売上）の担当者は変更できるか。
599,2,23816,30,ﾘﾊﾞｯﾌﾟｶﾞｰﾄﾞの売上金額変更をしたい,ﾘﾊﾞｯﾌﾟｶﾞｰﾄﾞの売上金額変更をしたい
600,1,23716,30,ハウスガードの売上金額を変更したい,ハウスガードの売上金額を変更したい
601,2,23699,30,ﾘﾊﾞｯﾌﾟｶﾞｰﾄﾞの売上金額変更,ﾘﾊﾞｯﾌﾟｶﾞｰﾄﾞの売上金額変更
602,1,23716,30,ハウスガード（新リバップガード）の代理店手数料（保険売上）の担当者は変更できるか。,ハウスガード（新リバップガード）の代理店手数料（保険売上）の担当者は変更できるか。
603,2,0,30,リバップガードの売上を間違えた,リバップガードの売上を間違えた
604,1,23889,30,今日の予定は？,今日の予定は？
605,1,23856,30,今日はいい天気ですね,今日はいい天気ですね
606,1,23817,30,車両事故を起こしたらどうすればいいか？,車両事故を起こしたらどうすればいいか？
607,1,24424,30,モバイル端末についての担当者は誰ですか？,モバイル端末についての担当者は誰ですか？
608,1,23981,30,持株会の担当者は誰になりますか。,持株会の担当者は誰になりますか。
609,2,0,30,JIC解約,JIC解約
610,1,23977,30,車両・事故の担当者は誰になりますか。,車両・事故の担当者は誰になりますか。
611,2,23817,30,車両事故を起こしたらどうすればいいか？,車両事故を起こしたらどうすればいいか？
612,1,23819,30,車両事故を起こした対物賠償はどうすればいいか。,車両事故を起こした対物賠償はどうすればいいか。
613,2,0,30,ﾊﾟｿｺﾝ 遅い,ﾊﾟｿｺﾝ 遅い
614,1,23796,30,FAXが送受信出来ない。,FAXが送受信出来ない。
615,1,23899,30,使えないね,使えないね
616,1,24000,30,福利厚生で福利厚生倶楽部の担当者は誰になりますか。,福利厚生で福利厚生倶楽部の担当者は誰になりますか。
617,1,23784,30,シータのWIFIのパスワードがわからない。,シータのWIFIのパスワードがわからない。
618,2,23634,30,パソコンが足りないのですが、どうすればいいですか？,パソコンが足りないのですが、どうすればいいですか？
619,1,23899,30,情報システム課ではないのですか？,情報システム課ではないのですか？
620,1,23864,30,土日はお休みですか？,土日はお休みですか？
621,1,24424,30,携帯電話の担当者,携帯電話の担当者
622,2,24424,30,車両の担当者,車両の担当者
623,2,24424,30,入金の担当者,入金の担当者
624,2,24424,30,賞与に関しての担当者は誰？,賞与に関しての担当者は誰？
625,2,23797,30,小口精算振り込まれていない,小口精算振り込まれていない
626,2,24424,30,社員旅行の担当者は？,社員旅行の担当者は？
627,2,23929,30,いえらぶの担当者様,いえらぶの担当者様
628,2,23906,30,Botの使い方が分からない,Botの使い方が分からない
629,2,23654,30,お疲れ様です。いえらぶクラウドについて質問があるのですが、いえらぶ上で登録した写真について、外観が登録されているが点数に反映されておらず、スーモ管理上でも満点にならない状況です。,お疲れ様です。いえらぶクラウドについて質問があるのですが、いえらぶ上で登録した写真について、外観が登録されているが点数に反映されておらず、スーモ管理上でも満点にならない状況です。
630,1,23870,30,お疲れ様です。,お疲れ様です。
631,1,0,30,いえらぶ,いえらぶ
632,1,23982,30,重説確認担当者　　昨日アップの重説確認宜しくお願い致します。,重説確認担当者　　昨日アップの重説確認宜しくお願い致します。
633,2,23701,30,携帯電話でデータの移行をしたいんだけど新店とか入ってないのでアップデートしますか,携帯電話でデータの移行をしたいんだけど新店とか入ってないのでアップデートしますか
634,2,24424,30,車両の担当者は誰,車両の担当者は誰
635,1,23977,30,車両・事故の担当者は誰になりますか。,車両・事故の担当者は誰になりますか。
636,1,23648,30,大和リビングの会費支払い方法を教えてください。,大和リビングの会費支払い方法を教えてください。
637,1,24424,30,PC故障の担当者,PC故障の担当者
638,1,23817,30,車両事故を起こしたらどうすればいいか？,車両事故を起こしたらどうすればいいか？
639,2,23657,30,パソコンが重い場合は軽くできますか？,パソコンが重い場合は軽くできますか？
640,2,24478,30,名刺発注の担当者は,名刺発注の担当者は
641,2,24424,30,固定資産の担当者は,固定資産の担当者は
642,1,23926,30,固定資産・リース資産の担当者は誰になりますか。,固定資産・リース資産の担当者は誰になりますか。
643,2,24479,30,WEBエラーの担当,WEBエラーの担当
644,2,0,30,年末年始休暇はいつからですか？,年末年始休暇はいつからですか？
645,1,23985,30,産業廃棄物の担当者は誰になりますか。,産業廃棄物の担当者は誰になりますか。
646,1,23864,30,休みの日は何してますか,休みの日は何してますか
647,2,23869,30,明日は何曜日ですか？,明日は何曜日ですか？
648,2,24440,30,らく賃の担当者,らく賃の担当者
649,2,23821,30,扶養家族変更申請どうすればいい,扶養家族変更申請どうすればいい
650,2,23816,30,扶養家族変更,扶養家族変更
651,2,24458,30,総務課の電話番号教えてください,総務課の電話番号教えてください
652,2,24424,30,人事の担当者,人事の担当者
653,1,24483,30,社員旅行の担当者は誰,社員旅行の担当者は誰
654,1,0,30,グッドの場合もサジェストが出る,グッドの場合もサジェストが出る
655,1,24483,30,社員旅行の担当者は誰,社員旅行の担当者は誰
656,2,24424,30,人事の担当者は誰,人事の担当者は誰
657,1,24002,30,入社、退職、休職で休職の担当者は誰になりますか。,入社、退職、休職で休職の担当者は誰になりますか。
658,2,23869,30,和田さんは何の担当ですか,和田さんは何の担当ですか
659,2,23887,30,勤務中に寝たらクビですか,勤務中に寝たらクビですか
660,1,24006,30,"社会保険
手続きで雇用保険の担当者は誰になりますか。","社会保険
手続きで雇用保険の担当者は誰になりますか。"
661,1,23879,30,お給料は時給制なの,お給料は時給制なの
662,1,23870,30,お疲れ様,お疲れ様
663,1,23867,30,好きな本は何ですか,好きな本は何ですか
664,1,24450,30,消したデータを復旧してほしい,消したデータを復旧してほしい
665,1,23869,30,昨日は何してた,昨日は何してた
666,2,0,30,パソコンが重い,パソコンが重い
667,2,0,30,パソコンの動作が重い,パソコンの動作が重い
668,1,24450,30,ファイルを消してしまいました,ファイルを消してしまいました
669,1,23781,30,社用携帯の担当者,社用携帯の担当者
670,2,23807,30,お疲れ様です。美里店　前川です。新しい会社用携帯についてですが、zeetleのアプリが入ってないため、連絡先の移行ができません。,お疲れ様です。美里店　前川です。新しい会社用携帯についてですが、zeetleのアプリが入ってないため、連絡先の移行ができません。
671,2,23929,30,新しい携帯の担当者は？,新しい携帯の担当者は？
672,1,23781,30,社用携帯の担当者は？,社用携帯の担当者は？
673,1,24487,30,今年の年末年始は？,今年の年末年始は？
674,1,23772,30,今期（第20期、2017年）、社員旅行が有るか、無いか知りたい。,今期（第20期、2017年）、社員旅行が有るか、無いか知りたい。
675,1,24480,30,オンライン重説はいつから開始ですか？,オンライン重説はいつから開始ですか？
676,1,12367,1,ラーメン,ラーメン
677,2,24424,30,ＩＲの担当者は？,ＩＲの担当者は？
678,2,23943,30,一番偉い人は誰？,一番偉い人は誰？
679,2,24487,30,慶弔休暇について教えてください。,慶弔休暇について教えてください。
680,1,24424,30,携帯電話の担当者は？,携帯電話の担当者は？
681,2,24483,30,慶弔祝いは誰の担当ですか？,慶弔祝いは誰の担当ですか？
682,1,23633,30,警察から問い合わせが来たのですが、どうすればいいですか？,警察から問い合わせが来たのですが、どうすればいいですか？
683,1,23635,30,株主の方から質問が届いたのですが、どうすればいいですか？,株主の方から質問が届いたのですが、どうすればいいですか？
684,2,24483,30,予算の担当者は誰ですか？,予算の担当者は誰ですか？
685,2,24424,30,ＩＲの担当者は？,ＩＲの担当者は？
686,1,24484,30,経費精算の仕方について,経費精算の仕方について
687,2,0,30,パワハラを受けました,パワハラを受けました
688,1,0,30,持株会,持株会
689,2,15119,1,トマト好き？,トマト好き？
690,1,15119,1,トマト好き？,トマト好き？
691,1,15584,1,サーバーサイドの開発は得意？,サーバーサイドの開発は得意？
692,1,24489,30,パソコンが重いです,パソコンが重いです
695,2,23674,30,大東建託との提携契約,大東建託との提携契約
697,2,0,30,知り合いの仲介手数料を割り引けますか,知り合いの仲介手数料を割り引けますか
698,2,0,30,服装について,服装について
699,2,24482,30,ロゴの担当者は誰ですか？,ロゴの担当者は誰ですか？
700,2,23674,30,業者との提携契約,業者との提携契約
701,2,23658,30,いすを注文したい,いすを注文したい
702,2,23661,30,いすの発注はどこですか,いすの発注はどこですか
703,1, - ,30,特に質問はありません,特に質問はありません
704,1,23843,30,ありがとう,ありがとう
705,1,23835,30,こんにちは,こんにちは
706,2,23649,30,一般預り金,一般預り金
707,2,23808,30,新しい業務用携帯電話はいつから使っていいのですか？,新しい業務用携帯電話はいつから使っていいのですか？
709,2,23650,30,契約書を送りたいのですが、手続き等教えてください,契約書を送りたいのですが、手続き等教えてください
710,2,24430,30,契約書ファイリング,契約書ファイリング
711,2,24430,30,契約書保管,契約書保管
712,2,23995,30,サニタリー未払計上解除の担当者,サニタリー未払計上解除の担当者
713,2,23965,30,周辺商品の未払計上解除の担当者,周辺商品の未払計上解除の担当者
714,1,23964,30,周辺商品で保証人代行（Ｃａｓａ/日本セーフティなど）の担当者は誰になりますか。,周辺商品で保証人代行（Ｃａｓａ/日本セーフティなど）の担当者は誰になりますか。
715,2,24424,30,粗大ごみの担当者,粗大ごみの担当者
716,2,24482,30,いえらぶの掲載の担当者,いえらぶの掲載の担当者
717,2,24424,30,掲載の担当者,掲載の担当者
718,1,24031,30,掲載指摘で不動産ポータルサイトからの掲載指摘対応の担当者は誰になりますか。,掲載指摘で不動産ポータルサイトからの掲載指摘対応の担当者は誰になりますか。
719,2,0,30,iPhoneのパスコードは？,iPhoneのパスコードは？
720,2,23792,30,携帯が壊れた,携帯が壊れた
721,1,23779,30,社用携帯の画面が割れた。,社用携帯の画面が割れた。
722,1,24496,30,セクハラを受けた,セクハラを受けた
723,1,0,30,年末調整,年末調整
724,1,23898,30,君の名前は,君の名前は
725,1,0,30,耳より情報,耳より情報
726,1,23975,30,建築耳より・一括借上耳より情報提供の担当者は誰になりますか。,建築耳より・一括借上耳より情報提供の担当者は誰になりますか。
727,2,23727,30,粗大ゴミの処分方法は,粗大ゴミの処分方法は
728,1,23985,30,産業廃棄物の担当者は誰になりますか。,産業廃棄物の担当者は誰になりますか。
731,2,23777,30,新しい社用携帯はいつから使用可能なのか,新しい社用携帯はいつから使用可能なのか
732,1,23928,30,夕食会申請の担当者,夕食会申請の担当者
733,1,23785,30,シータが動かない。,シータが動かない。
734,2,24500,30,耳より人材の担当者,耳より人材の担当者
735,1,0,30,人材開発,人材開発
736,2,24482,30,人材開発の担当者,人材開発の担当者
737,1,23232,37,配送の日時指定はできますか？,配送の日時指定はできますか？
738,1,23237,37,送料はいくら？,送料はいくら？
739,1,24504,37,ありがとうございます！,ありがとうございます！
740,1,23232,37,配送の日時指定はできますか？,配送の日時指定はできますか？
741,1,23237,37,それじゃ送料はいくらですか？,それじゃ送料はいくらですか？
742,1,24504,37,わかりました、ありがとうございます。,わかりました、ありがとうございます。
743,1,24625,30,仲介手数料の減額,仲介手数料の減額
744,1,24593,30,人事の担当者は誰,人事の担当者は誰
745,2,24482,30,らく賃の担当者,らく賃の担当者
746,2,23796,30,パソコンが足りない,パソコンが足りない
747,1,23902,30,解決しない,解決しない
748,2,0,30,頑張れ,頑張れ
749,1,23870,30,お疲れ様,お疲れ様
750,1,24498,30,かわいい,かわいい
751,1,23745,30,賃貸借契約書がほしい。,賃貸借契約書がほしい。
752,1,23855,30,また明日,また明日
753,2,24522,30,らく賃の担当者は誰,らく賃の担当者は誰
754,2,24522,30,らく賃の担当者は誰。,らく賃の担当者は誰。
755,2,24522,30,らく賃の担当者は誰。,らく賃の担当者は誰。
756,2,24522,30,いえらぶの担当者は誰。,いえらぶの担当者は誰。
757,2,24522,30,らく賃の担当者は誰。,らく賃の担当者は誰。
758,2,24481,30,救急箱の担当,救急箱の担当
759,2,24522,30,モバイル端末についての担当者は誰。,モバイル端末についての担当者は誰。
760,2,24522,30,いえらぶの担当者は誰。,いえらぶの担当者は誰。
761,2,24449,30,救急箱の中身の使用期限が過ぎていますが、誰に聞けばいい,救急箱の中身の使用期限が過ぎていますが、誰に聞けばいい
762,2,24522,30,いえらぶの担当者は誰,いえらぶの担当者は誰
763,2,24481,30,救急用具の担当は誰,救急用具の担当は誰
764,2,24536,30,らく賃の担当者は誰。,らく賃の担当者は誰。
765,1,24627,30,らく賃の担当者は誰,らく賃の担当者は誰
766,2,24627,30,いえらぶの担当者は誰,いえらぶの担当者は誰
767,2,24627,30,JICの担当者は誰,JICの担当者は誰
768,2,24627,30,いえらぶの担当者は誰,いえらぶの担当者は誰
769,1,24501,30,ロゴの担当者は誰。,ロゴの担当者は誰。
770,2,24627,30,いえらぶの担当者は誰,いえらぶの担当者は誰
771,2,24627,30,いえらぶの担当者は誰。,いえらぶの担当者は誰。
772,1,24501,30,ロゴの担当者は誰。,ロゴの担当者は誰。
773,1,24489,30,パソコンが重い,パソコンが重い
774,2,24571,30,救急箱の担当は誰,救急箱の担当は誰
775,1,24628,30,救急箱の担当は誰。,救急箱の担当は誰。
777,2,23817,30,健康診断の二次検査はどちらに行けばいいのでしょうか？,健康診断の二次検査はどちらに行けばいいのでしょうか？
779,2,24496,30,今年の健康診断を受けていませんが、健康診断を受ける必要はありますか？,今年の健康診断を受けていませんが、健康診断を受ける必要はありますか？
780,2,0,30,新しい携帯を起動すると、ＢＣＡgentnoで初期パスワードの設定行ってください。と表示されますが、設定方法が分かりません。,新しい携帯を起動すると、ＢＣＡgentnoで初期パスワードの設定行ってください。と表示されますが、設定方法が分かりません。
781,2,23854,30,分かりません,分かりません
782,1,17375,14,おはよう,おはよう
783,1,13961,14,料金教えて,料金教えて
784,2,0,30,iPhone端末から電話帳移行したいのですが、Ｚｅｅｔｌｅアプリダウンロードの依頼が表示されません。どうしたらいいですか？,iPhone端末から電話帳移行したいのですが、Ｚｅｅｔｌｅアプリダウンロードの依頼が表示されません。どうしたらいいですか？
785,1,24631,1,何科?,何科?
786,1,24631,1,何科?,何科?
787,1,9718,1,ボットとは,ボットとは
788,2,9588,1,好きなラーメンノカタチは,好きなラーメンノカタチは
789,1,9720,1,ラーメン好き？,ラーメン好き？
790,1,9720,1,好きなラーメンは？,好きなラーメンは？
791,1,0,30,社員の年末年始休日は？,社員の年末年始休日は？
792,1,24506,30,いえらぶの担当は誰,いえらぶの担当は誰
793,1,24629,30,JICの担当は誰,JICの担当は誰
794,1,24500,30,顧客管理システムの担当者は誰。,顧客管理システムの担当者は誰。
795,2,9361,2,今週の予定を知りたいのですが,今週の予定を知りたいのですが
796,2,0,2,総務部の山田さんについて知りたい,総務部の山田さんについて知りたい
797,1,23237,37,送料について知りたい,送料について知りたい
798,1, - ,37,10歳,10歳
799,1,24633,30,パソコンが足りない,パソコンが足りない
800,2,13927,14,いくら,いくら
801,1,24627,30,らく賃担当者は誰,らく賃担当者は誰
802,1,24506,30,いえらぶの担当者は誰,いえらぶの担当者は誰
803,1,24409,30,ごみがたまってきました,ごみがたまってきました
804,2,23618,1,鯖ってなんですか？,鯖ってなんですか？
805,2,23777,30,社用携帯で通話が出来ない。,社用携帯で通話が出来ない。
806,2,24634,30,Googleの店舗情報の担当者は誰,Googleの店舗情報の担当者は誰
807,2,24634,30,Googleの店舗情報の担当者は誰。,Googleの店舗情報の担当者は誰。
808,2,24634,30,Googleの店舗情報の担当者は誰。,Googleの店舗情報の担当者は誰。
809,1,24634,30,Googleの店舗情報の担当者は誰。,Googleの店舗情報の担当者は誰。
810,2,0,30,顧客管理のパスワードが分からない,顧客管理のパスワードが分からない
811,1,24490,30,外部への広報・ＩＲの担当者は誰。,外部への広報・ＩＲの担当者は誰。
812,1,24638,40,液晶テレビ ブラビア,液晶テレビ ブラビア
813,1, - ,40,A1シリーズ,A1シリーズ
814,1, - ,40,画面、映像、音声のトラブル,画面、映像、音声のトラブル
815,1, - ,40,地デジが映らない（AndroidTV）,地デジが映らない（AndroidTV）
816,1, - ,40,正常に映ってはいたが、急に映らなくなった。,正常に映ってはいたが、急に映らなくなった。
817,1, - ,40,「BS」や「HDMI1」などに切り替わる。(地デジにならない),「BS」や「HDMI1」などに切り替わる。(地デジにならない)
819,2,23240,37,最中ってなに,最中ってなに
820,2,0,37,焼き物,焼き物
822,2,18642,13,宿泊費,宿泊費
823,2,18637,13,国内出張について、接待ゴルフで前泊した場合、宿泊費・日当は付きますか？,国内出張について、接待ゴルフで前泊した場合、宿泊費・日当は付きますか？
824,1,23814,30,退職することになりましたので、持株会を退会したいのですが、どのようにしたら宜しいでしょうか？,退職することになりましたので、持株会を退会したいのですが、どのようにしたら宜しいでしょうか？
825,1,24484,30,小口精算振り込まれていない,小口精算振り込まれていない
826,1,0,30,セミナーの担当者は？,セミナーの担当者は？
827,1,23774,30,"ホープハウスシステムと一緒にやっている家主様セミナーの参加家主様の出欠連絡は
どこにしたら宜しいですか。","ホープハウスシステムと一緒にやっている家主様セミナーの参加家主様の出欠連絡は
どこにしたら宜しいですか。"
828,1,24642,30,パスワードがわからなくなった。,パスワードがわからなくなった。
829,1,24492,30,これから寒くなったら仕事中に黒のタイツは履いても大丈夫ですか？,これから寒くなったら仕事中に黒のタイツは履いても大丈夫ですか？
830,1,23839,30,趣味は何ですか？,趣味は何ですか？
831,1,23812,30,新規入社の社員の従業者証明書はいつ届くのか？,新規入社の社員の従業者証明書はいつ届くのか？
832,1,24434,30,直接総務課の方と直接話はできますか。,直接総務課の方と直接話はできますか。
833,1,24625,30,知り合いの仲介手数料を割り引けますか。,知り合いの仲介手数料を割り引けますか。
834,2,0,30,証券口座を作りたいのですが、手続き方法を教えて下さい。,証券口座を作りたいのですが、手続き方法を教えて下さい。
835,1,23904,30,ちょっと教えて,ちょっと教えて
836,1,24574,30,持株会の担当者は誰。,持株会の担当者は誰。
837,2,0,30,株式口座です。,株式口座です。
838,2,0,30,口座を作りたい。,口座を作りたい。
839,1,0,30,持株会についてです。,持株会についてです。
840,2,0,30,質問の一欄にはありません。,質問の一欄にはありません。
841,2,0,30,電話帳の移行ができない,電話帳の移行ができない
842,1,0,30,社用携帯電話の担当は誰ですか,社用携帯電話の担当は誰ですか
843,1,23902,30,解決しない,解決しない
844,1,24434,30,総務課の人と話はできますか,総務課の人と話はできますか
845,1,0,30,シータが故障しました。どのように対応すればいいでしょうか？,シータが故障しました。どのように対応すればいいでしょうか？
846,1,23782,30,シータを落としてしまった。,シータを落としてしまった。
847,2,0,14,ありません,ありません
848,1,23727,30,借主がﾘﾛｹｰｼｮﾝｼﾞｬﾊﾟﾝの時の重説の対応方法を知りたい。,借主がﾘﾛｹｰｼｮﾝｼﾞｬﾊﾟﾝの時の重説の対応方法を知りたい。
849,2,0,30,東急,東急
850,1,23657,30,重要事項説明不要,重要事項説明不要
851,1,23725,30,重説で業者書式が使える業者はどこになるのか。,重説で業者書式が使える業者はどこになるのか。
852,1,24434,30,直接総務課の方と直接話はできますか。,直接総務課の方と直接話はできますか。
853,1,24434,30,総務課の担当者と直接話ができますか。,総務課の担当者と直接話ができますか。
854,2,0,30,一般社団法人中央調査社から、総務課宛てに「情報関連機器に関するアンケート」が届きました。本社に郵送したらよろしいでしょうか。それとも店舗での対応でしょうか。。,一般社団法人中央調査社から、総務課宛てに「情報関連機器に関するアンケート」が届きました。本社に郵送したらよろしいでしょうか。それとも店舗での対応でしょうか。。
855,2,0,14,はらぱんですが何か,はらぱんですが何か
856,2,0,14,ふぁｌｋｓｄｊふぁｌ；ｋｓｄｆ,ふぁｌｋｓｄｊふぁｌ；ｋｓｄｆ
857,2,0,14,私が腹パンでｓ,私が腹パンでｓ
859,2,0,14,へへｙへｙ,へへｙへｙ
860,1,24653,30,小口の口座を作りたい,小口の口座を作りたい
861,1,24629,30,ＪＩＣの担当者は誰,ＪＩＣの担当者は誰
862,1,24660,30,らく賃の管理について知りたい,らく賃の管理について知りたい
863,1,0,30,お疲れ様です。横須賀中央店の田村です。甲種防火管理者の資格取得についてご質問があります。店舗横須賀中央店において管轄消防署に確認をいたしましたところ、横須賀市の講習が無く、横浜市の近隣消防署に確認をしました。その際、横浜市内に勤めている方を対象との事でした。大きな声では言えないですが、ハウスコム支店で横浜市内にあればそれで対応は出来ると言われましたがそのような形でも問題は無いのでしょうか？資格については取得した際には全国で使えるとの事です。横浜市の方が講習開催日程が多いのでできればそちらで受講したいのですがいかがでしょうか？お返事をお待ちしております。,お疲れ様です。横須賀中央店の田村です。甲種防火管理者の資格取得についてご質問があります。店舗横須賀中央店において管轄消防署に確認をいたしましたところ、横須賀市の講習が無く、横浜市の近隣消防署に確認をしました。その際、横浜市内に勤めている方を対象との事でした。大きな声では言えないですが、ハウスコム支店で横浜市内にあればそれで対応は出来ると言われましたがそのような形でも問題は無いのでしょうか？資格については取得した際には全国で使えるとの事です。横浜市の方が講習開催日程が多いのでできればそちらで受講したいのですがいかがでしょうか？お返事をお待ちしております。
864,2,23807,30,新しい社用携帯とＴＨＥＴＡをＷｉＦｉで接続することが出来ません。どうしたらいいですか？,新しい社用携帯とＴＨＥＴＡをＷｉＦｉで接続することが出来ません。どうしたらいいですか？
865,1,23783,30,シータのWIFIが反応しない。,シータのWIFIが反応しない。
866,2,0,30,おつかれ様です。,おつかれ様です。
867,2,23756,30,ゼンリン地図　発注,ゼンリン地図　発注
868,2,0,30,ゼンリン地図見積もりをお願いします。,ゼンリン地図見積もりをお願いします。
869,2,0,30,ゼンリン地図を見積もり取るにはどうしたらいいですか？,ゼンリン地図を見積もり取るにはどうしたらいいですか？
870,1,23803,30,保管文書の空箱を発注したい。,保管文書の空箱を発注したい。
871,1,23737,30,子供110番のステッカーの発注はどのようにすればよいか。,子供110番のステッカーの発注はどのようにすればよいか。
872,1,24553,30,周辺商品で損害保険（三井住友海上）の担当者は誰になりますか。,周辺商品で損害保険（三井住友海上）の担当者は誰になりますか。
873,1,24633,30,パソコンが足りないです,パソコンが足りないです
874,1,24488,30,エクセルが起動しません,エクセルが起動しません
875,1,23780,30,社用携帯のパスワードを忘れてしまった。,社用携帯のパスワードを忘れてしまった。
876,1,0,30,業務用携帯（Ａｎｄｒｏｉｄ端末）がロックが掛かり使用できません。,業務用携帯（Ａｎｄｒｏｉｄ端末）がロックが掛かり使用できません。
877,2,0,30,ＣＡＳＡクレコムから引き落としに変更したいと連絡があったのですが変更できますか,ＣＡＳＡクレコムから引き落としに変更したいと連絡があったのですが変更できますか
878,2,0,30,Ｃａｓａクレコムを引き落としに変更したい　その方法を教えてください,Ｃａｓａクレコムを引き落としに変更したい　その方法を教えてください
879,2,0,30,アンドロイドの設定の仕方は？,アンドロイドの設定の仕方は？
880,1,0,30,ハウスコムの株式を買いたいのですが、誰に聞けばいいですか？,ハウスコムの株式を買いたいのですが、誰に聞けばいいですか？
881,1,24501,30,ロゴの担当者は誰。,ロゴの担当者は誰。
882,2,0,30,人材耳よりの仕組みは？,人材耳よりの仕組みは？
883,2,0,30,オープンスペースの予約の仕方,オープンスペースの予約の仕方
884,2,0,30,アンドロイドにアプリを入れたい,アンドロイドにアプリを入れたい
885,1,0,30,売上の確定の仕方を教えて,売上の確定の仕方を教えて
886,2,0,24,テストですよ,テストですよ
887,2,0,24,ほげほげ,ほげほげ
888,2,24457,30,JTBえらべる倶楽部をハウスコムでは利用できますか？,JTBえらべる倶楽部をハウスコムでは利用できますか？
889,1,23870,30,お疲れ様です。183小山店　髙橋です。,お疲れ様です。183小山店　髙橋です。
890,1,23644,30,重要事項説明書の記載方法で全部事項上で建物全体と部屋の構造が異なる場合はどのように対応したらよいか。,重要事項説明書の記載方法で全部事項上で建物全体と部屋の構造が異なる場合はどのように対応したらよいか。
891,1,23766,30,新規店舗の店長の名刺は、どちらから発注すればよろしいでしょうか。,新規店舗の店長の名刺は、どちらから発注すればよろしいでしょうか。
892,1,24495,30,一番偉い人は誰？,一番偉い人は誰？
893,1,24499,30,鍵交換の件ですが、戸建ての鍵交換を行いましたが１９４４０円で行いましたがいただいた鍵がＵ９の鍵の場合の処理方法を教えて下さい。,鍵交換の件ですが、戸建ての鍵交換を行いましたが１９４４０円で行いましたがいただいた鍵がＵ９の鍵の場合の処理方法を教えて下さい。
894,1,24447,30,店舗の定休日に本社が一括入金処理をした場合の締め処理はどうしたらよいか。,店舗の定休日に本社が一括入金処理をした場合の締め処理はどうしたらよいか。
895,2,24642,30,預り保険　パスワード,預り保険　パスワード
896,2,0,30,預り保険料がパスワードとっても固まって動かせない,預り保険料がパスワードとっても固まって動かせない
898,1,23782,30,シータを落としてしまった。,シータを落としてしまった。
899,1,24428,30,らく賃で駐車場のみを契約をしたいがどうすればよいか。,らく賃で駐車場のみを契約をしたいがどうすればよいか。
900,1,23640,30,防火管理者の届出について教えてほしい。,防火管理者の届出について教えてほしい。
901,1,24538,30,防火管理者の資格は該当の無い店舗では取得が必要でしょうか？,防火管理者の資格は該当の無い店舗では取得が必要でしょうか？
902,1,13937,1,モーダルウィンドウとは？,モーダルウィンドウとは？
903,1,24543,30,備品・什器関係でデジカメ・シータの担当者は誰。,備品・什器関係でデジカメ・シータの担当者は誰。
904,2,0,15,パーソルさん,パーソルさん
905,1,24629,30,ＪＩＣについての質問は誰宛？,ＪＩＣについての質問は誰宛？
906,1,24667,30,ハウスコムの法人マイナンバーを教えてください。,ハウスコムの法人マイナンバーを教えてください。
907,1, - ,15,はい。接続できていました。,はい。接続できていました。
908,2,24536,30,資格で損害保険募集人の担当者は誰。,資格で損害保険募集人の担当者は誰。
909,2,23649,30,損害保険一般試験について。火災、自動車、傷害疾病全ての資格を保有してますが、更新は火災だけすれば大丈夫ですか？,損害保険一般試験について。火災、自動車、傷害疾病全ての資格を保有してますが、更新は火災だけすれば大丈夫ですか？
910,1,24536,30,資格で少額短期保険募集人の担当者は誰。,資格で少額短期保険募集人の担当者は誰。
911,1,24428,30,らく賃で駐車場のみを契約をしたいがどうすればよいか。,らく賃で駐車場のみを契約をしたいがどうすればよいか。
912,1,0,30,らく賃サポートで、駐車場のみの契約の場合の手続きは？,らく賃サポートで、駐車場のみの契約の場合の手続きは？
913,1,23674,30,らく賃の契約でオリコの審査に落ちたが契約手続きはできますか。,らく賃の契約でオリコの審査に落ちたが契約手続きはできますか。
914,1, - ,41,本体,本体
915,1,24795,41,おはよう！,おはよう！
916,2,0,30,ＦＡＸフォルダのＰＤＦが消えません,ＦＡＸフォルダのＰＤＦが消えません
917,2,0,30,ＦＡＸフォルダにある資料が消しても消えない,ＦＡＸフォルダにある資料が消しても消えない
918,1,24663,30,外部より総務課宛のアンケートが届きました。対応を教えてください。,外部より総務課宛のアンケートが届きました。対応を教えてください。
919,2,0,30,小口精算の場合、新幹線の領収証は必須ですか？,小口精算の場合、新幹線の領収証は必須ですか？
920,1,24505,30,銀行関連で小口精算の担当者は誰。,銀行関連で小口精算の担当者は誰。
921,2,24531,30,法人番号を教えて,法人番号を教えて
922,2,0,30,特優賃とは何ですか？,特優賃とは何ですか？
923,2,0,30,特定優良賃貸物件とは何ですか？,特定優良賃貸物件とは何ですか？
924,2,24531,30,所有者が法人の代表者で、貸主がその法人の場合、委任状は必要ですか？,所有者が法人の代表者で、貸主がその法人の場合、委任状は必要ですか？
925,2,0,30,契約事務手数料として振り込まれた金額を広告料で計上していいですか？,契約事務手数料として振り込まれた金額を広告料で計上していいですか？
926,2,0,30,携帯電話にロックがかかった時,携帯電話にロックがかかった時
927,1,24888,30,所有者が法人の代表者で、貸主がその法人の場合、委任状は必要ですか？,所有者が法人の代表者で、貸主がその法人の場合、委任状は必要ですか？
928,1,24667,30,ハウスコムの法人番号は？,ハウスコムの法人番号は？
929,1,24889,30,特優賃について教えてください。,特優賃について教えてください。
930,2,24889,30,特優賃の場合、契約者様から仲介手数料をいただくことは可能でしょうか？,特優賃の場合、契約者様から仲介手数料をいただくことは可能でしょうか？
931,1,24667,30,ハウスコムの法人番号が知りたい,ハウスコムの法人番号が知りたい
932,2,0,30,たまぷらざ,たまぷらざ
933,2,0,30,ゼンリン地図の見積もりはどうしたらいいですか？,ゼンリン地図の見積もりはどうしたらいいですか？
934,2,23821,30,車両申請はどうすればいいか？,車両申請はどうすればいいか？
935,1,23826,30,駐車場の新規の契約書はどうすればよいか。,駐車場の新規の契約書はどうすればよいか。
936,2,0,30,社用車　駐車場,社用車　駐車場
937,1,24496,30,パワハラを受けました。,パワハラを受けました。
938,1,24643,30,認知症のステッカーが欲しい,認知症のステッカーが欲しい
941,1,25025,42,プリンターが動きません。,プリンターが動きません。
942,1, - ,42,容量が足りません。,容量が足りません。
943,1,24640,30,看板用の結束バンドはどのように頼めばいいですか？,看板用の結束バンドはどのように頼めばいいですか？
944,1,23784,30,シータのWIFIのパスワードがわからない。,シータのWIFIのパスワードがわからない。
945,1,23783,30,シータのWIFIが反応しない。,シータのWIFIが反応しない。
946,1,23792,30,シータが壊れた,シータが壊れた
947,2,23756,30,新入社員の名刺発注は必要ですか,新入社員の名刺発注は必要ですか
948,1,23808,30,新しく入社する社員の名刺はどうしたらいい？,新しく入社する社員の名刺はどうしたらいい？
949,2,24627,30,間取り作成の担当者は誰,間取り作成の担当者は誰